<annotation><folder>SKU_110K</folder><filename>train_11.jpg</filename><path>../images/train_11.jpg</path><source><database>Unknown</database></source><size><width>3024</width><height>3024</height><depth>3</depth></size><segmented>0</segmented><object><name>object</name><pose>Unspecified</pose><truncated>0</truncated><difficult>0</difficult><bndbox><xmin>208</xmin><ymin>537</ymin><xmax>422</xmax><ymax>814</ymax></bndbox></object><object><name>object</name><pose>Unspecified</pose><truncated>0</truncated><difficult>0</difficult><bndbox><xmin>1268</xmin><ymin>1923</ymin><xmax>1365</xmax><ymax>2209</ymax></bndbox></object><object><name>object</name><pose>Unspecified</pose><truncated>0</truncated><difficult>0</difficult><bndbox><xmin>1135</xmin><ymin>2074</ymin><xmax>1261</xmax><ymax>2166</ymax></bndbox></object><object><name>object</name><pose>Unspecified</pose><truncated>0</truncated><difficult>0</difficult><bndbox><xmin>1045</xmin><ymin>2085</ymin><xmax>1122</xmax><ymax>2258</ymax></bndbox></object><object><name>object</name><pose>Unspecified</pose><truncated>0</truncated><difficult>0</difficult><bndbox><xmin>976</xmin><ymin>2036</ymin><xmax>1040</xmax><ymax>2177</ymax></bndbox></object><object><name>object</name><pose>Unspecified</pose><truncated>0</truncated><difficult>0</difficult><bndbox><xmin>863</xmin><ymin>2048</ymin><xmax>937</xmax><ymax>2194</ymax></bndbox></object><object><name>object</name><pose>Unspecified</pose><truncated>0</truncated><difficult>0</difficult><bndbox><xmin>772</xmin><ymin>2097</ymin><xmax>843</xmax><ymax>2244</ymax></bndbox></object><object><name>object</name><pose>Unspecified</pose><truncated>0</truncated><difficult>0</difficult><bndbox><xmin>659</xmin><ymin>2157</ymin><xmax>724</xmax><ymax>2222</ymax></bndbox></object><object><name>object</name><pose>Unspecified</pose><truncated>0</truncated><difficult>0</difficult><bndbox><xmin>568</xmin><ymin>2066</ymin><xmax>645</xmax><ymax>2198</ymax></bndbox></object><object><name>object</name><pose>Unspecified</pose><truncated>0</truncated><difficult>0</difficult><bndbox><xmin>488</xmin><ymin>2097</ymin><xmax>558</xmax><ymax>2257</ymax></bndbox></object><object><name>object</name><pose>Unspecified</pose><truncated>0</truncated><difficult>0</difficult><bndbox><xmin>413</xmin><ymin>2093</ymin><xmax>481</xmax><ymax>2259</ymax></bndbox></object><object><name>object</name><pose>Unspecified</pose><truncated>0</truncated><difficult>0</difficult><bndbox><xmin>367</xmin><ymin>2082</ymin><xmax>406</xmax><ymax>2259</ymax></bndbox></object><object><name>object</name><pose>Unspecified</pose><truncated>0</truncated><difficult>0</difficult><bndbox><xmin>280</xmin><ymin>2082</ymin><xmax>366</xmax><ymax>2248</ymax></bndbox></object><object><name>object</name><pose>Unspecified</pose><truncated>0</truncated><difficult>0</difficult><bndbox><xmin>204</xmin><ymin>2097</ymin><xmax>276</xmax><ymax>2241</ymax></bndbox></object><object><name>object</name><pose>Unspecified</pose><truncated>0</truncated><difficult>0</difficult><bndbox><xmin>83</xmin><ymin>2017</ymin><xmax>185</xmax><ymax>2247</ymax></bndbox></object><object><name>object</name><pose>Unspecified</pose><truncated>0</truncated><difficult>0</difficult><bndbox><xmin>3</xmin><ymin>1741</ymin><xmax>71</xmax><ymax>1944</ymax></bndbox></object><object><name>object</name><pose>Unspecified</pose><truncated>0</truncated><difficult>0</difficult><bndbox><xmin>1128</xmin><ymin>1737</ymin><xmax>1213</xmax><ymax>1929</ymax></bndbox></object><object><name>object</name><pose>Unspecified</pose><truncated>0</truncated><difficult>0</difficult><bndbox><xmin>1033</xmin><ymin>1665</ymin><xmax>1120</xmax><ymax>1847</ymax></bndbox></object><object><name>object</name><pose>Unspecified</pose><truncated>0</truncated><difficult>0</difficult><bndbox><xmin>1120</xmin><ymin>6</ymin><xmax>1269</xmax><ymax>265</ymax></bndbox></object><object><name>object</name><pose>Unspecified</pose><truncated>0</truncated><difficult>0</difficult><bndbox><xmin>1048</xmin><ymin>91</ymin><xmax>1115</xmax><ymax>262</ymax></bndbox></object><object><name>object</name><pose>Unspecified</pose><truncated>0</truncated><difficult>0</difficult><bndbox><xmin>954</xmin><ymin>142</ymin><xmax>1049</xmax><ymax>261</ymax></bndbox></object><object><name>object</name><pose>Unspecified</pose><truncated>0</truncated><difficult>0</difficult><bndbox><xmin>833</xmin><ymin>91</ymin><xmax>942</xmax><ymax>257</ymax></bndbox></object><object><name>object</name><pose>Unspecified</pose><truncated>0</truncated><difficult>0</difficult><bndbox><xmin>651</xmin><ymin>23</ymin><xmax>754</xmax><ymax>273</ymax></bndbox></object><object><name>object</name><pose>Unspecified</pose><truncated>0</truncated><difficult>0</difficult><bndbox><xmin>522</xmin><ymin>30</ymin><xmax>651</xmax><ymax>271</ymax></bndbox></object><object><name>object</name><pose>Unspecified</pose><truncated>0</truncated><difficult>0</difficult><bndbox><xmin>1370</xmin><ymin>1774</ymin><xmax>1488</xmax><ymax>2210</ymax></bndbox></object><object><name>object</name><pose>Unspecified</pose><truncated>0</truncated><difficult>0</difficult><bndbox><xmin>356</xmin><ymin>1</ymin><xmax>472</xmax><ymax>261</ymax></bndbox></object><object><name>object</name><pose>Unspecified</pose><truncated>0</truncated><difficult>0</difficult><bndbox><xmin>114</xmin><ymin>4</ymin><xmax>236</xmax><ymax>261</ymax></bndbox></object><object><name>object</name><pose>Unspecified</pose><truncated>0</truncated><difficult>0</difficult><bndbox><xmin>8</xmin><ymin>15</ymin><xmax>111</xmax><ymax>262</ymax></bndbox></object><object><name>object</name><pose>Unspecified</pose><truncated>0</truncated><difficult>0</difficult><bndbox><xmin>378</xmin><ymin>1680</ymin><xmax>506</xmax><ymax>1894</ymax></bndbox></object><object><name>object</name><pose>Unspecified</pose><truncated>0</truncated><difficult>0</difficult><bndbox><xmin>704</xmin><ymin>1665</ymin><xmax>813</xmax><ymax>1827</ymax></bndbox></object><object><name>object</name><pose>Unspecified</pose><truncated>0</truncated><difficult>0</difficult><bndbox><xmin>814</xmin><ymin>1749</ymin><xmax>912</xmax><ymax>1942</ymax></bndbox></object><object><name>object</name><pose>Unspecified</pose><truncated>0</truncated><difficult>0</difficult><bndbox><xmin>923</xmin><ymin>1722</ymin><xmax>1014</xmax><ymax>1905</ymax></bndbox></object><object><name>object</name><pose>Unspecified</pose><truncated>0</truncated><difficult>0</difficult><bndbox><xmin>235</xmin><ymin>4</ymin><xmax>356</xmax><ymax>263</ymax></bndbox></object><object><name>object</name><pose>Unspecified</pose><truncated>0</truncated><difficult>0</difficult><bndbox><xmin>1491</xmin><ymin>1771</ymin><xmax>1615</xmax><ymax>2188</ymax></bndbox></object><object><name>object</name><pose>Unspecified</pose><truncated>0</truncated><difficult>0</difficult><bndbox><xmin>1620</xmin><ymin>1862</ymin><xmax>1717</xmax><ymax>2233</ymax></bndbox></object><object><name>object</name><pose>Unspecified</pose><truncated>0</truncated><difficult>0</difficult><bndbox><xmin>1718</xmin><ymin>2013</ymin><xmax>1888</xmax><ymax>2224</ymax></bndbox></object><object><name>object</name><pose>Unspecified</pose><truncated>0</truncated><difficult>0</difficult><bndbox><xmin>1018</xmin><ymin>2464</ymin><xmax>1188</xmax><ymax>2838</ymax></bndbox></object><object><name>object</name><pose>Unspecified</pose><truncated>0</truncated><difficult>0</difficult><bndbox><xmin>1204</xmin><ymin>2290</ymin><xmax>1323</xmax><ymax>2585</ymax></bndbox></object><object><name>object</name><pose>Unspecified</pose><truncated>0</truncated><difficult>0</difficult><bndbox><xmin>1328</xmin><ymin>2475</ymin><xmax>1484</xmax><ymax>2840</ymax></bndbox></object><object><name>object</name><pose>Unspecified</pose><truncated>0</truncated><difficult>0</difficult><bndbox><xmin>1484</xmin><ymin>2406</ymin><xmax>1615</xmax><ymax>2839</ymax></bndbox></object><object><name>object</name><pose>Unspecified</pose><truncated>0</truncated><difficult>0</difficult><bndbox><xmin>1624</xmin><ymin>2324</ymin><xmax>1755</xmax><ymax>2677</ymax></bndbox></object><object><name>object</name><pose>Unspecified</pose><truncated>0</truncated><difficult>0</difficult><bndbox><xmin>1764</xmin><ymin>2339</ymin><xmax>1920</xmax><ymax>2757</ymax></bndbox></object><object><name>object</name><pose>Unspecified</pose><truncated>0</truncated><difficult>0</difficult><bndbox><xmin>897</xmin><ymin>2418</ymin><xmax>1017</xmax><ymax>2827</ymax></bndbox></object><object><name>object</name><pose>Unspecified</pose><truncated>0</truncated><difficult>0</difficult><bndbox><xmin>1923</xmin><ymin>2331</ymin><xmax>2079</xmax><ymax>2759</ymax></bndbox></object><object><name>object</name><pose>Unspecified</pose><truncated>0</truncated><difficult>0</difficult><bndbox><xmin>2259</xmin><ymin>2585</ymin><xmax>2414</xmax><ymax>2832</ymax></bndbox></object><object><name>object</name><pose>Unspecified</pose><truncated>0</truncated><difficult>0</difficult><bndbox><xmin>2199</xmin><ymin>2286</ymin><xmax>2346</xmax><ymax>2446</ymax></bndbox></object><object><name>object</name><pose>Unspecified</pose><truncated>0</truncated><difficult>0</difficult><bndbox><xmin>2415</xmin><ymin>2494</ymin><xmax>2522</xmax><ymax>2659</ymax></bndbox></object><object><name>object</name><pose>Unspecified</pose><truncated>0</truncated><difficult>0</difficult><bndbox><xmin>2615</xmin><ymin>2577</ymin><xmax>2767</xmax><ymax>2788</ymax></bndbox></object><object><name>object</name><pose>Unspecified</pose><truncated>0</truncated><difficult>0</difficult><bndbox><xmin>2664</xmin><ymin>2275</ymin><xmax>2775</xmax><ymax>2508</ymax></bndbox></object><object><name>object</name><pose>Unspecified</pose><truncated>0</truncated><difficult>0</difficult><bndbox><xmin>439</xmin><ymin>534</ymin><xmax>683</xmax><ymax>821</ymax></bndbox></object><object><name>object</name><pose>Unspecified</pose><truncated>0</truncated><difficult>0</difficult><bndbox><xmin>2089</xmin><ymin>2396</ymin><xmax>2185</xmax><ymax>2670</ymax></bndbox></object><object><name>object</name><pose>Unspecified</pose><truncated>0</truncated><difficult>0</difficult><bndbox><xmin>1272</xmin><ymin>4</ymin><xmax>1425</xmax><ymax>279</ymax></bndbox></object><object><name>object</name><pose>Unspecified</pose><truncated>0</truncated><difficult>0</difficult><bndbox><xmin>795</xmin><ymin>2418</ymin><xmax>890</xmax><ymax>2835</ymax></bndbox></object><object><name>object</name><pose>Unspecified</pose><truncated>0</truncated><difficult>0</difficult><bndbox><xmin>526</xmin><ymin>2373</ymin><xmax>646</xmax><ymax>2745</ymax></bndbox></object><object><name>object</name><pose>Unspecified</pose><truncated>0</truncated><difficult>0</difficult><bndbox><xmin>1911</xmin><ymin>1775</ymin><xmax>2052</xmax><ymax>1990</ymax></bndbox></object><object><name>object</name><pose>Unspecified</pose><truncated>0</truncated><difficult>0</difficult><bndbox><xmin>1904</xmin><ymin>1995</ymin><xmax>2041</xmax><ymax>2217</ymax></bndbox></object><object><name>object</name><pose>Unspecified</pose><truncated>0</truncated><difficult>0</difficult><bndbox><xmin>2048</xmin><ymin>2010</ymin><xmax>2181</xmax><ymax>2222</ymax></bndbox></object><object><name>object</name><pose>Unspecified</pose><truncated>0</truncated><difficult>0</difficult><bndbox><xmin>2184</xmin><ymin>1975</ymin><xmax>2329</xmax><ymax>2222</ymax></bndbox></object><object><name>object</name><pose>Unspecified</pose><truncated>0</truncated><difficult>0</difficult><bndbox><xmin>2343</xmin><ymin>1930</ymin><xmax>2441</xmax><ymax>2224</ymax></bndbox></object><object><name>object</name><pose>Unspecified</pose><truncated>0</truncated><difficult>0</difficult><bndbox><xmin>2441</xmin><ymin>1789</ymin><xmax>2617</xmax><ymax>2225</ymax></bndbox></object><object><name>object</name><pose>Unspecified</pose><truncated>0</truncated><difficult>0</difficult><bndbox><xmin>677</xmin><ymin>2426</ymin><xmax>793</xmax><ymax>2835</ymax></bndbox></object><object><name>object</name><pose>Unspecified</pose><truncated>0</truncated><difficult>0</difficult><bndbox><xmin>2616</xmin><ymin>1762</ymin><xmax>2752</xmax><ymax>2169</ymax></bndbox></object><object><name>object</name><pose>Unspecified</pose><truncated>0</truncated><difficult>0</difficult><bndbox><xmin>2758</xmin><ymin>1949</ymin><xmax>2864</xmax><ymax>2120</ymax></bndbox></object><object><name>object</name><pose>Unspecified</pose><truncated>0</truncated><difficult>0</difficult><bndbox><xmin>0</xmin><ymin>2468</ymin><xmax>67</xmax><ymax>2839</ymax></bndbox></object><object><name>object</name><pose>Unspecified</pose><truncated>0</truncated><difficult>0</difficult><bndbox><xmin>68</xmin><ymin>2475</ymin><xmax>173</xmax><ymax>2837</ymax></bndbox></object><object><name>object</name><pose>Unspecified</pose><truncated>0</truncated><difficult>0</difficult><bndbox><xmin>174</xmin><ymin>2577</ymin><xmax>283</xmax><ymax>2865</ymax></bndbox></object><object><name>object</name><pose>Unspecified</pose><truncated>0</truncated><difficult>0</difficult><bndbox><xmin>303</xmin><ymin>2517</ymin><xmax>375</xmax><ymax>2770</ymax></bndbox></object><object><name>object</name><pose>Unspecified</pose><truncated>0</truncated><difficult>0</difficult><bndbox><xmin>375</xmin><ymin>2471</ymin><xmax>497</xmax><ymax>2856</ymax></bndbox></object><object><name>object</name><pose>Unspecified</pose><truncated>0</truncated><difficult>0</difficult><bndbox><xmin>2759</xmin><ymin>1794</ymin><xmax>2871</xmax><ymax>1947</ymax></bndbox></object><object><name>object</name><pose>Unspecified</pose><truncated>0</truncated><difficult>0</difficult><bndbox><xmin>1423</xmin><ymin>6</ymin><xmax>1591</xmax><ymax>280</ymax></bndbox></object><object><name>object</name><pose>Unspecified</pose><truncated>0</truncated><difficult>0</difficult><bndbox><xmin>2850</xmin><ymin>2290</ymin><xmax>3027</xmax><ymax>2732</ymax></bndbox></object><object><name>object</name><pose>Unspecified</pose><truncated>0</truncated><difficult>0</difficult><bndbox><xmin>1749</xmin><ymin>11</ymin><xmax>1888</xmax><ymax>276</ymax></bndbox></object><object><name>object</name><pose>Unspecified</pose><truncated>0</truncated><difficult>0</difficult><bndbox><xmin>643</xmin><ymin>905</ymin><xmax>700</xmax><ymax>1139</ymax></bndbox></object><object><name>object</name><pose>Unspecified</pose><truncated>0</truncated><difficult>0</difficult><bndbox><xmin>462</xmin><ymin>924</ymin><xmax>611</xmax><ymax>1181</ymax></bndbox></object><object><name>object</name><pose>Unspecified</pose><truncated>0</truncated><difficult>0</difficult><bndbox><xmin>288</xmin><ymin>920</ymin><xmax>448</xmax><ymax>1178</ymax></bndbox></object><object><name>object</name><pose>Unspecified</pose><truncated>0</truncated><difficult>0</difficult><bndbox><xmin>132</xmin><ymin>923</ymin><xmax>278</xmax><ymax>1200</ymax></bndbox></object><object><name>object</name><pose>Unspecified</pose><truncated>0</truncated><difficult>0</difficult><bndbox><xmin>4</xmin><ymin>927</ymin><xmax>130</xmax><ymax>1203</ymax></bndbox></object><object><name>object</name><pose>Unspecified</pose><truncated>0</truncated><difficult>0</difficult><bndbox><xmin>2865</xmin><ymin>95</ymin><xmax>2982</xmax><ymax>296</ymax></bndbox></object><object><name>object</name><pose>Unspecified</pose><truncated>0</truncated><difficult>0</difficult><bndbox><xmin>2929</xmin><ymin>587</ymin><xmax>3016</xmax><ymax>688</ymax></bndbox></object><object><name>object</name><pose>Unspecified</pose><truncated>0</truncated><difficult>0</difficult><bndbox><xmin>2854</xmin><ymin>471</ymin><xmax>2923</xmax><ymax>681</ymax></bndbox></object><object><name>object</name><pose>Unspecified</pose><truncated>0</truncated><difficult>0</difficult><bndbox><xmin>2774</xmin><ymin>431</ymin><xmax>2856</xmax><ymax>680</ymax></bndbox></object><object><name>object</name><pose>Unspecified</pose><truncated>0</truncated><difficult>0</difficult><bndbox><xmin>2596</xmin><ymin>434</ymin><xmax>2773</xmax><ymax>681</ymax></bndbox></object><object><name>object</name><pose>Unspecified</pose><truncated>0</truncated><difficult>0</difficult><bndbox><xmin>2460</xmin><ymin>454</ymin><xmax>2598</xmax><ymax>680</ymax></bndbox></object><object><name>object</name><pose>Unspecified</pose><truncated>0</truncated><difficult>0</difficult><bndbox><xmin>2287</xmin><ymin>477</ymin><xmax>2357</xmax><ymax>651</ymax></bndbox></object><object><name>object</name><pose>Unspecified</pose><truncated>0</truncated><difficult>0</difficult><bndbox><xmin>2184</xmin><ymin>455</ymin><xmax>2281</xmax><ymax>691</ymax></bndbox></object><object><name>object</name><pose>Unspecified</pose><truncated>0</truncated><difficult>0</difficult><bndbox><xmin>704</xmin><ymin>931</ymin><xmax>850</xmax><ymax>1190</ymax></bndbox></object><object><name>object</name><pose>Unspecified</pose><truncated>0</truncated><difficult>0</difficult><bndbox><xmin>68</xmin><ymin>1767</ymin><xmax>185</xmax><ymax>1954</ymax></bndbox></object><object><name>object</name><pose>Unspecified</pose><truncated>0</truncated><difficult>0</difficult><bndbox><xmin>15</xmin><ymin>534</ymin><xmax>210</xmax><ymax>814</ymax></bndbox></object><object><name>object</name><pose>Unspecified</pose><truncated>0</truncated><difficult>0</difficult><bndbox><xmin>2721</xmin><ymin>90</ymin><xmax>2857</xmax><ymax>284</ymax></bndbox></object><object><name>object</name><pose>Unspecified</pose><truncated>0</truncated><difficult>0</difficult><bndbox><xmin>2403</xmin><ymin>104</ymin><xmax>2577</xmax><ymax>288</ymax></bndbox></object><object><name>object</name><pose>Unspecified</pose><truncated>0</truncated><difficult>0</difficult><bndbox><xmin>2343</xmin><ymin>140</ymin><xmax>2402</xmax><ymax>287</ymax></bndbox></object><object><name>object</name><pose>Unspecified</pose><truncated>0</truncated><difficult>0</difficult><bndbox><xmin>2032</xmin><ymin>405</ymin><xmax>2128</xmax><ymax>655</ymax></bndbox></object><object><name>object</name><pose>Unspecified</pose><truncated>0</truncated><difficult>0</difficult><bndbox><xmin>1942</xmin><ymin>406</ymin><xmax>2032</xmax><ymax>666</ymax></bndbox></object><object><name>object</name><pose>Unspecified</pose><truncated>0</truncated><difficult>0</difficult><bndbox><xmin>1832</xmin><ymin>409</ymin><xmax>1927</xmax><ymax>665</ymax></bndbox></object><object><name>object</name><pose>Unspecified</pose><truncated>0</truncated><difficult>0</difficult><bndbox><xmin>1737</xmin><ymin>405</ymin><xmax>1819</xmax><ymax>677</ymax></bndbox></object><object><name>object</name><pose>Unspecified</pose><truncated>0</truncated><difficult>0</difficult><bndbox><xmin>1605</xmin><ymin>473</ymin><xmax>1726</xmax><ymax>684</ymax></bndbox></object><object><name>object</name><pose>Unspecified</pose><truncated>0</truncated><difficult>0</difficult><bndbox><xmin>1514</xmin><ymin>394</ymin><xmax>1587</xmax><ymax>655</ymax></bndbox></object><object><name>object</name><pose>Unspecified</pose><truncated>0</truncated><difficult>0</difficult><bndbox><xmin>1404</xmin><ymin>420</ymin><xmax>1501</xmax><ymax>659</ymax></bndbox></object><object><name>object</name><pose>Unspecified</pose><truncated>0</truncated><difficult>0</difficult><bndbox><xmin>1287</xmin><ymin>396</ymin><xmax>1378</xmax><ymax>662</ymax></bndbox></object><object><name>object</name><pose>Unspecified</pose><truncated>0</truncated><difficult>0</difficult><bndbox><xmin>1181</xmin><ymin>378</ymin><xmax>1281</xmax><ymax>659</ymax></bndbox></object><object><name>object</name><pose>Unspecified</pose><truncated>0</truncated><difficult>0</difficult><bndbox><xmin>254</xmin><ymin>1680</ymin><xmax>367</xmax><ymax>1842</ymax></bndbox></object><object><name>object</name><pose>Unspecified</pose><truncated>0</truncated><difficult>0</difficult><bndbox><xmin>870</xmin><ymin>1082</ymin><xmax>991</xmax><ymax>1197</ymax></bndbox></object><object><name>object</name><pose>Unspecified</pose><truncated>0</truncated><difficult>0</difficult><bndbox><xmin>1181</xmin><ymin>742</ymin><xmax>1398</xmax><ymax>1118</ymax></bndbox></object><object><name>object</name><pose>Unspecified</pose><truncated>0</truncated><difficult>0</difficult><bndbox><xmin>1408</xmin><ymin>830</ymin><xmax>1605</xmax><ymax>1120</ymax></bndbox></object><object><name>object</name><pose>Unspecified</pose><truncated>0</truncated><difficult>0</difficult><bndbox><xmin>2956</xmin><ymin>1332</ymin><xmax>3024</xmax><ymax>1646</ymax></bndbox></object><object><name>object</name><pose>Unspecified</pose><truncated>0</truncated><difficult>0</difficult><bndbox><xmin>2780</xmin><ymin>1325</ymin><xmax>2892</xmax><ymax>1662</ymax></bndbox></object><object><name>object</name><pose>Unspecified</pose><truncated>0</truncated><difficult>0</difficult><bndbox><xmin>2619</xmin><ymin>1340</ymin><xmax>2761</xmax><ymax>1650</ymax></bndbox></object><object><name>object</name><pose>Unspecified</pose><truncated>0</truncated><difficult>0</difficult><bndbox><xmin>2403</xmin><ymin>1263</ymin><xmax>2470</xmax><ymax>1665</ymax></bndbox></object><object><name>object</name><pose>Unspecified</pose><truncated>0</truncated><difficult>0</difficult><bndbox><xmin>2294</xmin><ymin>1241</ymin><xmax>2403</xmax><ymax>1667</ymax></bndbox></object><object><name>object</name><pose>Unspecified</pose><truncated>0</truncated><difficult>0</difficult><bndbox><xmin>2089</xmin><ymin>1204</ymin><xmax>2251</xmax><ymax>1593</ymax></bndbox></object><object><name>object</name><pose>Unspecified</pose><truncated>0</truncated><difficult>0</difficult><bndbox><xmin>1926</xmin><ymin>1205</ymin><xmax>2076</xmax><ymax>1605</ymax></bndbox></object><object><name>object</name><pose>Unspecified</pose><truncated>0</truncated><difficult>0</difficult><bndbox><xmin>1802</xmin><ymin>1268</ymin><xmax>1918</xmax><ymax>1652</ymax></bndbox></object><object><name>object</name><pose>Unspecified</pose><truncated>0</truncated><difficult>0</difficult><bndbox><xmin>1620</xmin><ymin>1306</ymin><xmax>1783</xmax><ymax>1669</ymax></bndbox></object><object><name>object</name><pose>Unspecified</pose><truncated>0</truncated><difficult>0</difficult><bndbox><xmin>1480</xmin><ymin>1344</ymin><xmax>1618</xmax><ymax>1669</ymax></bndbox></object><object><name>object</name><pose>Unspecified</pose><truncated>0</truncated><difficult>0</difficult><bndbox><xmin>1351</xmin><ymin>1336</ymin><xmax>1463</xmax><ymax>1675</ymax></bndbox></object><object><name>object</name><pose>Unspecified</pose><truncated>0</truncated><difficult>0</difficult><bndbox><xmin>1234</xmin><ymin>1226</ymin><xmax>1347</xmax><ymax>1573</ymax></bndbox></object><object><name>object</name><pose>Unspecified</pose><truncated>0</truncated><difficult>0</difficult><bndbox><xmin>1045</xmin><ymin>1328</ymin><xmax>1197</xmax><ymax>1597</ymax></bndbox></object><object><name>object</name><pose>Unspecified</pose><truncated>0</truncated><difficult>0</difficult><bndbox><xmin>859</xmin><ymin>1325</ymin><xmax>1044</xmax><ymax>1596</ymax></bndbox></object><object><name>object</name><pose>Unspecified</pose><truncated>0</truncated><difficult>0</difficult><bndbox><xmin>795</xmin><ymin>1328</ymin><xmax>861</xmax><ymax>1597</ymax></bndbox></object><object><name>object</name><pose>Unspecified</pose><truncated>0</truncated><difficult>0</difficult><bndbox><xmin>712</xmin><ymin>1317</ymin><xmax>795</xmax><ymax>1596</ymax></bndbox></object><object><name>object</name><pose>Unspecified</pose><truncated>0</truncated><difficult>0</difficult><bndbox><xmin>511</xmin><ymin>1317</ymin><xmax>697</xmax><ymax>1596</ymax></bndbox></object><object><name>object</name><pose>Unspecified</pose><truncated>0</truncated><difficult>0</difficult><bndbox><xmin>295</xmin><ymin>1317</ymin><xmax>477</xmax><ymax>1599</ymax></bndbox></object><object><name>object</name><pose>Unspecified</pose><truncated>0</truncated><difficult>0</difficult><bndbox><xmin>189</xmin><ymin>1279</ymin><xmax>288</xmax><ymax>1521</ymax></bndbox></object><object><name>object</name><pose>Unspecified</pose><truncated>0</truncated><difficult>0</difficult><bndbox><xmin>1</xmin><ymin>1321</ymin><xmax>49</xmax><ymax>1636</ymax></bndbox></object><object><name>object</name><pose>Unspecified</pose><truncated>0</truncated><difficult>0</difficult><bndbox><xmin>2895</xmin><ymin>923</ymin><xmax>3000</xmax><ymax>1099</ymax></bndbox></object><object><name>object</name><pose>Unspecified</pose><truncated>0</truncated><difficult>0</difficult><bndbox><xmin>2710</xmin><ymin>825</ymin><xmax>2884</xmax><ymax>1093</ymax></bndbox></object><object><name>object</name><pose>Unspecified</pose><truncated>0</truncated><difficult>0</difficult><bndbox><xmin>2487</xmin><ymin>719</ymin><xmax>2674</xmax><ymax>824</ymax></bndbox></object><object><name>object</name><pose>Unspecified</pose><truncated>0</truncated><difficult>0</difficult><bndbox><xmin>2519</xmin><ymin>836</ymin><xmax>2643</xmax><ymax>1103</ymax></bndbox></object><object><name>object</name><pose>Unspecified</pose><truncated>0</truncated><difficult>0</difficult><bndbox><xmin>2369</xmin><ymin>889</ymin><xmax>2517</xmax><ymax>1121</ymax></bndbox></object><object><name>object</name><pose>Unspecified</pose><truncated>0</truncated><difficult>0</difficult><bndbox><xmin>2164</xmin><ymin>878</ymin><xmax>2357</xmax><ymax>1115</ymax></bndbox></object><object><name>object</name><pose>Unspecified</pose><truncated>0</truncated><difficult>0</difficult><bndbox><xmin>1995</xmin><ymin>757</ymin><xmax>2089</xmax><ymax>1099</ymax></bndbox></object><object><name>object</name><pose>Unspecified</pose><truncated>0</truncated><difficult>0</difficult><bndbox><xmin>1802</xmin><ymin>825</ymin><xmax>1950</xmax><ymax>1081</ymax></bndbox></object><object><name>object</name><pose>Unspecified</pose><truncated>0</truncated><difficult>0</difficult><bndbox><xmin>1612</xmin><ymin>825</ymin><xmax>1799</xmax><ymax>1119</ymax></bndbox></object><object><name>object</name><pose>Unspecified</pose><truncated>0</truncated><difficult>0</difficult><bndbox><xmin>863</xmin><ymin>549</ymin><xmax>1019</xmax><ymax>811</ymax></bndbox></object><object><name>object</name><pose>Unspecified</pose><truncated>0</truncated><difficult>0</difficult><bndbox><xmin>1593</xmin><ymin>4</ymin><xmax>1740</xmax><ymax>279</ymax></bndbox></object><object><name>object</name><pose>Unspecified</pose><truncated>0</truncated><difficult>0</difficult><bndbox><xmin>2593</xmin><ymin>91</ymin><xmax>2721</xmax><ymax>286</ymax></bndbox></object><object><name>object</name><pose>Unspecified</pose><truncated>0</truncated><difficult>0</difficult><bndbox><xmin>2233</xmin><ymin>95</ymin><xmax>2348</xmax><ymax>288</ymax></bndbox></object><object><name>object</name><pose>Unspecified</pose><truncated>0</truncated><difficult>0</difficult><bndbox><xmin>1896</xmin><ymin>87</ymin><xmax>2013</xmax><ymax>272</ymax></bndbox></object><object><name>object</name><pose>Unspecified</pose><truncated>0</truncated><difficult>0</difficult><bndbox><xmin>2013</xmin><ymin>83</ymin><xmax>2142</xmax><ymax>273</ymax></bndbox></object><object><name>object</name><pose>Unspecified</pose><truncated>0</truncated><difficult>0</difficult><bndbox><xmin>2142</xmin><ymin>95</ymin><xmax>2233</xmax><ymax>288</ymax></bndbox></object><object><name>object</name><pose>Unspecified</pose><truncated>0</truncated><difficult>0</difficult><bndbox><xmin>685</xmin><ymin>558</ymin><xmax>861</xmax><ymax>821</ymax></bndbox></object></annotation>